{"mean": [316.846875, 107.44375, 3.065625, 3.3703125, 3.45, 8.5878125, 0.5375], "scale": [11.273239451656076, 6.019496319252966, 1.145128097365094, 1.0199080362188297, 0.8965210538520554, 0.5876140015722481, 0.49859176687947826]}